partid,parents_partid,qty
P0,null,1
P1,P0,1
P2,P0,1
P3,P0,1
P4,P0,1
P5,P0,1
P6,P2,1
P7,P2,1
P8,P2,1
P9,P2,1
P10,P2,1
P11,P3,1
P12,P3,1
P13,P3,1
P14,P5,1
P15,P5,1
P16,P5,1
P17,P7,1
P18,P7,1
P19,P7,1
P20,P7,1
P21,P8,1
P22,P8,1
P23,P9,1
P24,P9,1
P25,P9,1
P26,P9,1
P27,P11,1
P28,P11,1
P29,P11,1
P30,P11,1
P31,P11,1
P32,P12,1
P33,P12,1
P34,P12,1
P35,P12,1
P36,P14,1
P37,P14,1
P38,P15,1
P39,P15,1
P40,P19,1
P41,P19,1
P42,P21,1
P43,P21,1
P44,P21,1
P45,P21,1
P46,P21,1
P47,P22,1
P48,P22,1
P49,P22,1
P50,P22,1
P51,P23,1
P52,P23,1
P53,P24,1
P54,P24,1
P55,P24,1
P56,P24,1
P57,P25,1
P58,P25,1
P59,P25,1
P60,P26,1
P61,P26,1
P62,P28,1
P63,P28,1
P64,P28,1
P65,P28,1
P66,P29,1
P67,P29,1
P68,P29,1
P69,P29,1
P70,P30,1
P71,P30,1
P72,P30,1
P73,P30,1
P74,P30,1
P75,P32,1
P76,P32,1
P77,P32,1
P78,P33,1
P79,P33,1
P80,P35,1
P81,P35,1
P82,P36,1
P83,P36,1
P84,P36,1
P85,P38,1
P86,P38,1
P87,P39,1
P88,P39,1
P89,P39,1
P90,P39,1
P91,P40,1
P92,P40,1
P93,P40,1
P94,P40,1
P95,P40,1
P96,P41,2
P97,P41,1
P98,P41,1
P99,P42,1
P100,P42,1
P101,P43,1
P102,P43,1
P103,P44,1
P104,P44,1
P105,P44,1
P106,P44,1
P107,P46,1
P108,P46,1
P109,P47,1
P110,P47,1
P111,P47,1
P112,P47,1
P113,P47,1
P114,P49,1
P115,P49,1
P116,P49,1
P117,P49,1
P118,P55,1
P119,P55,1
P120,P55,1
P121,P56,1
P122,P56,1
P123,P56,1
P124,P57,1
P125,P57,1
P126,P58,1
P127,P58,1
P128,P58,1
P129,P59,1
P130,P59,1
P131,P59,1
P132,P59,1
P133,P59,1
P134,P60,1
P135,P60,1
P136,P60,1
P137,P61,1
P138,P61,1
P139,P61,1
P140,P61,1
P141,P62,2
P142,P62,2
P143,P64,1
P144,P64,1
P145,P64,1
P146,P64,1
P147,P65,1
P148,P65,1
P149,P65,1
P150,P65,1
P151,P65,1
P152,P69,1
P153,P69,1
P154,P70,1
P155,P70,2
P156,P71,1
P157,P71,1
P158,P71,1
P159,P71,1
P160,P71,1
P161,P73,1
P162,P73,1
P163,P73,1
P164,P74,1
P165,P74,1
P166,P74,1
P167,P75,1
P168,P75,1
P169,P75,1
P170,P77,1
P171,P77,1
P172,P77,2
P173,P78,1
P174,P78,4
P175,P78,1
P176,P80,1
P177,P80,1
P178,P83,1
P179,P83,1
P180,P83,1
P181,P90,2
P182,P90,1
P183,P91,1
P184,P91,1
P185,P92,1
P186,P92,1
P187,P95,1
P188,P95,1
P189,P95,4
P190,P96,1
P191,P96,1
P192,P97,1
P193,P97,1
P194,P97,1
P195,P97,1
P196,P97,1
P197,P98,1
P198,P98,2
P199,P99,1
P200,P99,1
P201,P101,1
P202,P101,1
P203,P101,1
P204,P101,1
P205,P101,4
P206,P102,1
P207,P102,1
P208,P103,1
P209,P103,1
P210,P103,1
P211,P105,1
P212,P105,1
P213,P107,1
P214,P107,1
P215,P107,1
P216,P107,1
P217,P108,1
P218,P108,1
P219,P113,1
P220,P113,2
P221,P113,1
P222,P114,1
P223,P114,1
P224,P114,1
P225,P114,1
P226,P116,1
P227,P116,1
P228,P116,1
P229,P117,1
P230,P117,1
P231,P117,1
P232,P117,1
P233,P118,1
P234,P118,1
P235,P118,1
P236,P118,1
P237,P119,1
P238,P119,4
P239,P119,1
P240,P121,4
P241,P121,1
P242,P121,1
P243,P122,2
P244,P122,1
P245,P123,1
P246,P123,1
P247,P123,1
P248,P125,1
P249,P125,1
P250,P125,1
P251,P125,1
P252,P125,1
P253,P126,1
P254,P126,1
P255,P127,1
P256,P127,1
P257,P128,1
P258,P128,1
P259,P128,4
P260,P128,1
P261,P128,1
P262,P129,1
P263,P129,1
P264,P129,1
P265,P130,1
P266,P130,1
P267,P130,1
P268,P131,1
P269,P131,2
P270,P131,1
P271,P132,1
P272,P132,1
P273,P133,1
P274,P133,1
P275,P133,1
P276,P133,1
P277,P135,1
P278,P135,1
P279,P135,1
P280,P135,4
P281,P137,1
P282,P137,1
P283,P138,1
P284,P138,2
P285,P140,1
P286,P140,1
P287,P141,1
P288,P141,1
P289,P141,1
P290,P142,1
P291,P142,1
P292,P142,1
P293,P143,1
P294,P143,1
P295,P143,1
P296,P143,1
P297,P144,1
P298,P144,1
P299,P144,1
P300,P144,1
P301,P144,4
P302,P145,2
P303,P145,1
P304,P148,1
P305,P148,1
P306,P148,1
P307,P149,1
P308,P149,1
P309,P149,1
P310,P150,1
P311,P150,4
P312,P151,1
P313,P151,1
P314,P152,1
P315,P152,1
P316,P152,1
P317,P155,1
P318,P155,1
P319,P155,1
P320,P156,1
P321,P156,1
P322,P157,1
P323,P157,1
P324,P158,1
P325,P158,1
P326,P161,1
P327,P161,1
P328,P162,1
P329,P162,1
P330,P163,1
P331,P163,1
P332,P163,1
P333,P163,1
P334,P163,1
P335,P164,1
P336,P164,1
P337,P165,1
P338,P165,1
P339,P166,1
P340,P166,1
P341,P167,1
P342,P167,1
P343,P167,1
P344,P167,4
P345,P167,1
P346,P169,1
P347,P169,1
P348,P169,2
P349,P169,1
P350,P170,1
P351,P170,1
P352,P170,1
P353,P170,1
P354,P171,1
P355,P171,1
P356,P171,1
P357,P171,1
P358,P171,1
P359,P174,1
P360,P174,1
P361,P174,1
P362,P175,1
P363,P175,1
P364,P175,1
P365,P175,1
P366,P175,1
P367,P176,2
P368,P176,1
P369,P176,1
P370,P176,1
P371,P176,1
P372,P177,1
P373,P177,1
P374,P177,1
P375,P177,1
P376,P177,1
P377,P178,1
P378,P178,1
P379,P178,1
P380,P178,1
P381,P178,1
P382,P182,1
P383,P182,1
P384,P182,1
P385,P182,1
P386,P182,1
P387,P183,1
P388,P183,1
P389,P183,1
P390,P183,1
P391,P183,4
P392,P184,1
P393,P184,1
P394,P184,1
P395,P184,1
P396,P185,1
P397,P185,1
P398,P185,1
P399,P185,1
P400,P186,1
P401,P186,1
P402,P186,1
P403,P188,4
P404,P188,1
P405,P190,1
P406,P190,4
P407,P190,1
P408,P191,4
P409,P191,1
P410,P191,2
P411,P191,1
P412,P192,1
P413,P192,1
P414,P192,1
P415,P192,1
P416,P195,1
P417,P195,1
P418,P195,1
P419,P195,1
P420,P199,1
P421,P199,1
P422,P199,4
P423,P200,1
P424,P200,1
P425,P202,1
P426,P202,1
P427,P202,1
P428,P204,1
P429,P204,1
P430,P204,1
P431,P205,1
P432,P205,1
P433,P205,1
P434,P206,1
P435,P206,1
P436,P206,1
P437,P206,1
P438,P206,1
P439,P207,1
P440,P207,1
P441,P207,1
P442,P209,1
P443,P209,1
P444,P209,1
P445,P210,1
P446,P210,1
P447,P210,1
P448,P210,1
P449,P212,1
P450,P212,1
P451,P212,1
P452,P213,1
P453,P213,1
P454,P213,1
P455,P214,1
P456,P214,1
P457,P214,1
P458,P214,4
P459,P214,1
P460,P215,1
P461,P215,2
P462,P215,1
P463,P215,1
P464,P215,1
P465,P219,1
P466,P219,1
P467,P219,1
P468,P219,1
P469,P222,1
P470,P222,1
P471,P222,1
P472,P222,1
P473,P222,1
P474,P223,1
P475,P223,2
P476,P224,1
P477,P224,2
P478,P224,1
P479,P224,1
P480,P226,1
P481,P226,1
P482,P226,1
P483,P226,1
P484,P226,1
P485,P227,1
P486,P227,1
P487,P227,1
P488,P227,1
P489,P227,1
P490,P229,1
P491,P229,1
P492,P229,1
P493,P229,1
P494,P229,1
P495,P230,1
P496,P230,1
P497,P230,1
P498,P230,1
P499,P231,1
P500,P231,1
P501,P233,1
P502,P233,1
P503,P233,1
P504,P234,1
P505,P234,1
P506,P234,1
P507,P234,1
P508,P234,1
P509,P235,1
P510,P235,1
P511,P235,1
P512,P235,1
P513,P235,1
P514,P236,1
P515,P236,1
P516,P236,1
P517,P236,1
P518,P236,1
P519,P237,1
P520,P237,4
P521,P237,1
P522,P237,1
P523,P237,1
P524,P238,1
P525,P238,1
P526,P240,1
P527,P240,1
P528,P240,1
P529,P240,1
P530,P241,1
P531,P241,1
P532,P241,1
P533,P242,1
P534,P242,1
P535,P242,1
P536,P246,1
P537,P246,1
P538,P246,1
P539,P246,1
P540,P249,1
P541,P249,1
P542,P249,1
P543,P249,1
P544,P249,1
P545,P250,1
P546,P250,1
P547,P250,4
P548,P250,1
P549,P252,1
P550,P252,1
P551,P252,1
P552,P252,1
P553,P253,1
P554,P253,1
P555,P253,1
P556,P253,1
P557,P253,1
P558,P255,1
P559,P255,1
P560,P255,1
P561,P255,1
P562,P255,1
P563,P256,1
P564,P256,2
P565,P256,1
P566,P256,1
P567,P257,4
P568,P257,1
P569,P257,1
P570,P257,1
P571,P257,1
P572,P261,1
P573,P261,1
P574,P262,1
P575,P262,1
P576,P263,1
P577,P263,1
P578,P267,1
P579,P267,1
P580,P267,2
P581,P267,1
P582,P268,1
P583,P268,1
P584,P268,1
P585,P270,1
P586,P270,1
P587,P270,1
P588,P270,1
P589,P272,1
P590,P272,1
P591,P273,1
P592,P273,1
P593,P274,2
P594,P274,1
P595,P276,1
P596,P276,1
P597,P277,1
P598,P277,1
P599,P277,1
P600,P277,1
P601,P281,1
P602,P281,1
P603,P281,1
P604,P281,1
P605,P281,1
P606,P282,1
P607,P282,1
P608,P282,1
P609,P282,1
P610,P283,1
P611,P283,1
P612,P283,1
P613,P283,1
P614,P283,1
P615,P284,1
P616,P284,1
P617,P284,1
P618,P284,1
P619,P285,1
P620,P285,1
P621,P285,1
P622,P285,1
P623,P286,1
P624,P286,1
P625,P286,1
P626,P286,1
P627,P288,1
P628,P288,2
P629,P288,1
P630,P289,1
P631,P289,1
P632,P290,1
P633,P290,4
P634,P291,1
P635,P291,1
P636,P291,1
P637,P291,1
P638,P292,1
P639,P292,1
P640,P292,1
P641,P294,1
P642,P294,1
P643,P294,1
P644,P294,1
P645,P294,1
P646,P295,1
P647,P295,1
P648,P295,1
P649,P295,1
P650,P295,1
P651,P296,1
P652,P296,1
P653,P298,1
P654,P298,1
P655,P298,1
P656,P298,1
P657,P301,1
P658,P301,1
P659,P301,1
P660,P301,1
P661,P301,1
P662,P303,1
P663,P303,1
P664,P303,1
P665,P304,1
P666,P304,4
P667,P306,1
P668,P306,1
P669,P307,1
P670,P307,1
P671,P307,1
P672,P308,4
P673,P308,1
P674,P308,1
P675,P309,1
P676,P309,1
P677,P309,1
P678,P309,1
P679,P311,1
P680,P311,1
P681,P311,1
P682,P311,1
P683,P311,1
P684,P312,1
P685,P312,1
P686,P312,1
P687,P312,1
P688,P312,4
P689,P313,1
P690,P313,1
P691,P313,1
P692,P313,1
P693,P313,1
P694,P314,1
P695,P314,1
P696,P316,1
P697,P316,1
P698,P316,1
P699,P316,1
P700,P316,1
P701,P319,1
P702,P319,1
P703,P319,1
P704,P321,1
P705,P321,1
P706,P321,1
P707,P322,1
P708,P322,1
P709,P324,1
P710,P324,1
P711,P325,1
P712,P325,1
P713,P325,1
P714,P325,1
P715,P326,1
P716,P326,1
P717,P326,1
P718,P326,1
P719,P326,2
P720,P327,1
P721,P327,1
P722,P327,1
P723,P328,1
P724,P328,1
P725,P328,1
P726,P329,1
P727,P329,1
P728,P330,1
P729,P330,1
P730,P330,1
P731,P333,1
P732,P333,1
P733,P334,1
P734,P334,1
P735,P334,1
P736,P336,1
P737,P336,1
P738,P336,1
P739,P338,1
P740,P338,1
P741,P338,1
P742,P340,1
P743,P340,4
P744,P340,1
P745,P340,1
P746,P341,1
P747,P341,1
P748,P342,2
P749,P342,1
P750,P342,1
P751,P342,1
P752,P342,1
P753,P343,1
P754,P343,1
P755,P343,1
P756,P343,1
P757,P344,1
P758,P344,1
P759,P344,1
P760,P344,1
P761,P346,1
P762,P346,1
P763,P347,1
P764,P347,1
P765,P349,1
P766,P349,1
P767,P349,1
P768,P349,1
P769,P350,1
P770,P350,1
P771,P350,1
P772,P350,1
P773,P350,1
P774,P351,1
P775,P351,1
P776,P351,1
P777,P351,1
P778,P351,1
P779,P353,1
P780,P353,1
P781,P353,1
P782,P353,1
P783,P353,1
P784,P354,1
P785,P354,1
P786,P354,1
P787,P354,1
P788,P356,1
P789,P356,1
P790,P356,1
P791,P358,1
P792,P358,1
P793,P358,1
P794,P358,1
P795,P358,1
P796,P362,1
P797,P362,1
P798,P362,1
P799,P362,1
P800,P363,1
P801,P363,1
P802,P363,1
P803,P363,1
P804,P364,1
P805,P364,1
P806,P364,1
P807,P364,1
P808,P367,1
P809,P367,1
P810,P368,1
P811,P368,1
P812,P368,1
P813,P368,1
P814,P368,1
P815,P369,1
P816,P369,1
P817,P370,1
P818,P370,1
P819,P371,1
P820,P371,1
P821,P372,1
P822,P372,1
P823,P372,1
P824,P372,1
P825,P375,1
P826,P375,1
P827,P375,1
P828,P375,1
P829,P375,1
P830,P376,1
P831,P376,1
P832,P376,1
P833,P377,1
P834,P377,1
P835,P377,1
P836,P377,1
P837,P377,1
P838,P378,2
P839,P378,1
P840,P378,1
P841,P378,1
P842,P378,1
P843,P380,1
P844,P380,1
P845,P381,1
P846,P381,1
P847,P382,1
P848,P382,1
P849,P382,1
P850,P382,1
P851,P383,1
P852,P383,1
P853,P383,1
P854,P383,1
P855,P384,1
P856,P384,1
P857,P384,1
P858,P384,1
P859,P384,1
P860,P385,1
P861,P385,1
P862,P385,1
P863,P385,1
P864,P385,1
P865,P386,1
P866,P386,1
P867,P386,1
P868,P387,1
P869,P387,1
P870,P387,1
P871,P387,1
P872,P388,1
P873,P388,1
P874,P389,1
P875,P389,1
P876,P389,1
P877,P389,1
P878,P391,1
P879,P391,1
P880,P391,1
P881,P391,1
P882,P391,1
P883,P392,1
P884,P392,1
P885,P392,1
P886,P392,1
P887,P392,1
P888,P393,1
P889,P393,1
P890,P394,1
P891,P394,1
P892,P394,1
P893,P394,1
P894,P394,1
P895,P395,1
P896,P395,1
P897,P395,1
P898,P396,1
P899,P396,1
P900,P397,1
P901,P397,4
P902,P397,1
P903,P397,1
P904,P398,1
P905,P398,1
P906,P398,1
P907,P398,1
P908,P399,1
P909,P399,1
P910,P399,1
P911,P399,1
P912,P400,1
P913,P400,1
P914,P400,1
P915,P400,1
P916,P400,1
P917,P403,1
P918,P403,1
P919,P403,1
P920,P403,1
P921,P403,1
P922,P405,1
P923,P405,1
P924,P406,1
P925,P406,1
P926,P406,1
P927,P406,2
P928,P408,1
P929,P408,1
P930,P408,1
P931,P408,1
P932,P410,1
P933,P410,1
P934,P411,1
P935,P411,1
P936,P411,1
P937,P411,1
P938,P411,1
P939,P416,1
P940,P416,1
P941,P416,1
P942,P416,1
P943,P418,1
P944,P418,1
P945,P418,1
P946,P419,1
P947,P419,1
P948,P419,1
P949,P419,1
P950,P424,1
P951,P424,1
P952,P424,1
P953,P425,1
P954,P425,1
P955,P425,1
P956,P425,1
P957,P425,1
P958,P427,1
P959,P427,1
P960,P427,1
P961,P427,1
P962,P427,2
P963,P428,1
P964,P428,1
P965,P428,1
P966,P428,1
P967,P429,1
P968,P429,1
P969,P430,1
P970,P430,1
P971,P430,1
P972,P430,1
P973,P430,1
P974,P431,1
P975,P431,1
P976,P431,1
P977,P432,4
P978,P432,1
P979,P432,1
P980,P432,1
P981,P433,1
P982,P433,1
P983,P433,1
P984,P434,1
P985,P434,1
P986,P436,1
P987,P436,2
P988,P436,1
P989,P437,1
P990,P437,1
P991,P438,1
P992,P438,1
P993,P438,1
P994,P439,1
P995,P439,4
P996,P439,1
P997,P442,1
P998,P442,1
P999,P442,1
P1000,P445,1
P1001,P445,1
P1002,P446,1
P1003,P446,1
P1004,P446,1
P1005,P446,1
P1006,P446,1
P1007,P447,1
P1008,P447,1
P1009,P447,1
P1010,P448,1
P1011,P448,1
P1012,P448,1
P1013,P449,1
P1014,P449,1
P1015,P449,1
P1016,P449,1
P1017,P449,1
P1018,P452,1
P1019,P452,1
P1020,P452,1
P1021,P452,1
P1022,P453,1
P1023,P453,1
P1024,P453,1
P1025,P453,1
P1026,P454,1
P1027,P454,1
P1028,P454,1
P1029,P454,1
P1030,P455,1
P1031,P455,1
P1032,P455,1
P1033,P455,1
P1034,P456,1
P1035,P456,1
P1036,P456,1
P1037,P456,1
P1038,P456,1
P1039,P457,1
P1040,P457,1
P1041,P458,1
P1042,P458,1
P1043,P459,1
P1044,P459,1
P1045,P459,1
P1046,P463,1
P1047,P463,1
P1048,P463,1
P1049,P463,1
P1050,P464,1
P1051,P464,1
P1052,P464,1
P1053,P464,1
P1054,P464,1
P1055,P467,1
P1056,P467,1
P1057,P469,1
P1058,P469,1
P1059,P469,1
P1060,P469,1
P1061,P470,1
P1062,P470,1
P1063,P470,1
P1064,P470,1
P1065,P471,1
P1066,P471,1
P1067,P471,4
P1068,P471,1
P1069,P473,1
P1070,P473,1
P1071,P473,1
P1072,P473,1
P1073,P475,1
P1074,P475,1
P1075,P475,1
P1076,P475,1
P1077,P476,1
P1078,P476,1
P1079,P476,1
P1080,P476,1
P1081,P476,1
P1082,P477,1
P1083,P477,2
P1084,P479,1
P1085,P479,1
P1086,P479,1
P1087,P479,1
P1088,P480,1
P1089,P480,1
P1090,P480,1
P1091,P480,1
P1092,P480,1
P1093,P481,1
P1094,P481,1
P1095,P482,1
P1096,P482,1
P1097,P483,1
P1098,P483,1
P1099,P483,1
P1100,P483,1
P1101,P483,1
P1102,P487,1
P1103,P487,2
P1104,P489,1
P1105,P489,1
P1106,P490,4
P1107,P490,1
P1108,P490,1
P1109,P490,2
P1110,P490,1
P1111,P492,1
P1112,P492,1
P1113,P492,1
P1114,P493,1
P1115,P493,1
P1116,P493,1
P1117,P494,1
P1118,P494,1
P1119,P494,1
P1120,P494,1
P1121,P494,1
P1122,P495,1
P1123,P495,1
P1124,P495,1
P1125,P495,1
P1126,P495,1
P1127,P496,1
P1128,P496,1
P1129,P496,1
P1130,P496,1
P1131,P498,4
P1132,P498,1
P1133,P498,1
P1134,P498,1
P1135,P498,1
P1136,P499,1
P1137,P499,1
P1138,P499,1
P1139,P499,1
P1140,P499,4
P1141,P500,1
P1142,P500,1
P1143,P500,1
P1144,P501,1
P1145,P501,1
P1146,P501,1
P1147,P502,1
P1148,P502,1
P1149,P502,1
P1150,P504,1
P1151,P504,1
P1152,P504,1
P1153,P504,1
P1154,P505,1
P1155,P505,1
P1156,P505,1
P1157,P505,1
P1158,P506,1
P1159,P506,1
P1160,P506,1
P1161,P507,1
P1162,P507,1
P1163,P508,1
P1164,P508,1
P1165,P509,1
P1166,P509,1
P1167,P510,1
P1168,P510,1
P1169,P510,1
P1170,P510,1
P1171,P511,2
P1172,P511,1
P1173,P511,1
P1174,P511,1
P1175,P511,1
P1176,P512,1
P1177,P512,1
P1178,P513,1
P1179,P513,1
P1180,P514,1
P1181,P514,2
P1182,P514,1
P1183,P514,1
P1184,P514,1
P1185,P515,1
P1186,P515,1
P1187,P515,1
P1188,P515,1
P1189,P516,1
P1190,P516,1
P1191,P517,1
P1192,P517,2
P1193,P517,1
P1194,P517,1
P1195,P518,1
P1196,P518,1
P1197,P519,1
P1198,P519,1
P1199,P519,1
P1200,P519,1
P1201,P521,1
P1202,P521,1
P1203,P522,1
P1204,P522,1
P1205,P522,1
P1206,P522,1
P1207,P523,1
P1208,P523,1
P1209,P523,1
P1210,P523,1
P1211,P524,1
P1212,P524,1
P1213,P524,1
P1214,P524,1
P1215,P525,1
P1216,P525,1
P1217,P525,1
P1218,P525,1
P1219,P525,1
P1220,P526,4
P1221,P526,1
P1222,P526,1
P1223,P527,1
P1224,P527,1
P1225,P529,1
P1226,P529,1
P1227,P529,1
P1228,P529,1
P1229,P529,1
P1230,P533,1
P1231,P533,1
P1232,P533,1
P1233,P533,1
P1234,P534,1
P1235,P534,1
P1236,P534,1
P1237,P535,1
P1238,P535,1
P1239,P536,1
P1240,P536,1
P1241,P536,1
P1242,P536,1
P1243,P538,1
P1244,P538,1
P1245,P538,1
P1246,P539,1
P1247,P539,1
P1248,P539,1
P1249,P540,1
P1250,P540,1
P1251,P540,1
P1252,P540,1
P1253,P543,1
P1254,P543,4
P1255,P543,1
P1256,P543,1
P1257,P543,1
P1258,P546,1
P1259,P546,1
P1260,P546,1
P1261,P547,1
P1262,P547,1
P1263,P547,1
P1264,P548,1
P1265,P548,1
P1266,P548,1
P1267,P548,1
P1268,P548,1
P1269,P549,4
P1270,P549,1
P1271,P549,1
P1272,P549,1
P1273,P551,1
P1274,P551,1
P1275,P551,1
P1276,P551,1
P1277,P552,1
P1278,P552,1
P1279,P552,1
P1280,P553,1
P1281,P553,1
P1282,P553,1
P1283,P553,1
P1284,P553,1
P1285,P554,1
P1286,P554,1
P1287,P554,1
P1288,P554,1
P1289,P554,1
P1290,P555,1
P1291,P555,1
P1292,P555,1
P1293,P556,1
P1294,P556,1
P1295,P556,1
P1296,P556,1
P1297,P556,1
P1298,P557,1
P1299,P557,1
P1300,P557,1
P1301,P557,1
P1302,P561,1
P1303,P561,1
P1304,P561,1
P1305,P561,1
P1306,P561,1
P1307,P562,1
P1308,P562,1
P1309,P563,1
P1310,P563,1
P1311,P564,1
P1312,P564,1
P1313,P564,1
P1314,P565,1
P1315,P565,1
P1316,P565,1
P1317,P565,1
P1318,P566,1
P1319,P566,1
P1320,P566,1
P1321,P566,1
P1322,P567,1
P1323,P567,1
P1324,P567,1
P1325,P567,1
P1326,P567,1
P1327,P568,1
P1328,P568,1
P1329,P568,1
P1330,P568,1
P1331,P569,1
P1332,P569,1
P1333,P569,1
P1334,P569,1
P1335,P569,1
P1336,P571,1
P1337,P571,1
P1338,P571,1
P1339,P573,1
P1340,P573,1
P1341,P573,1
P1342,P574,1
P1343,P574,1
P1344,P574,1
P1345,P574,1
P1346,P576,1
P1347,P576,1
P1348,P578,1
P1349,P578,1
P1350,P578,1
P1351,P578,1
P1352,P579,1
P1353,P579,2
P1354,P581,1
P1355,P581,1
P1356,P582,1
P1357,P582,1
P1358,P582,1
P1359,P582,2
P1360,P584,4
P1361,P584,1
P1362,P584,1
P1363,P584,1
P1364,P585,1
P1365,P585,1
P1366,P585,1
P1367,P585,1
P1368,P585,1
P1369,P586,1
P1370,P586,1
P1371,P586,1
P1372,P586,1
P1373,P586,1
P1374,P587,1
P1375,P587,1
P1376,P588,1
P1377,P588,1
P1378,P591,1
P1379,P591,1
P1380,P594,1
P1381,P594,1
P1382,P596,1
P1383,P596,1
P1384,P596,1
P1385,P596,1
P1386,P596,1
P1387,P597,1
P1388,P597,2
P1389,P597,1
P1390,P597,1
P1391,P597,1
P1392,P599,1
P1393,P599,1
P1394,P600,1
P1395,P600,1
P1396,P600,1
P1397,P600,1
P1398,P600,1
P1399,P601,1
P1400,P601,1
P1401,P601,1
P1402,P602,1
P1403,P602,1
P1404,P602,1
P1405,P602,1
P1406,P604,1
P1407,P604,1
P1408,P604,1
P1409,P609,1
P1410,P609,1
P1411,P610,1
P1412,P610,1
P1413,P611,1
P1414,P611,1
P1415,P611,1
P1416,P611,1
P1417,P612,1
P1418,P612,1
P1419,P612,1
P1420,P612,1
P1421,P612,1
P1422,P613,1
P1423,P613,1
P1424,P616,1
P1425,P616,1
P1426,P618,1
P1427,P618,1
P1428,P619,1
P1429,P619,1
P1430,P619,1
P1431,P619,1
P1432,P622,1
P1433,P622,1
P1434,P622,1
P1435,P623,1
P1436,P623,1
P1437,P623,1
P1438,P623,1
P1439,P623,1
P1440,P624,1
P1441,P624,1
P1442,P625,1
P1443,P625,1
P1444,P626,1
P1445,P626,1
P1446,P626,1
P1447,P627,1
P1448,P627,1
P1449,P627,1
P1450,P628,1
P1451,P628,1
P1452,P632,1
P1453,P632,1
P1454,P632,1
P1455,P633,1
P1456,P633,1
P1457,P633,1
P1458,P633,1
P1459,P635,1
P1460,P635,1
P1461,P635,1
P1462,P635,1
P1463,P638,2
P1464,P638,1
P1465,P640,1
P1466,P640,1
P1467,P640,1
P1468,P641,1
P1469,P641,2
P1470,P641,1
P1471,P642,1
P1472,P642,1
P1473,P642,1
P1474,P642,1
P1475,P642,1
P1476,P643,1
P1477,P643,1
P1478,P643,1
P1479,P643,1
P1480,P644,1
P1481,P644,1
P1482,P644,1
P1483,P645,1
P1484,P645,1
P1485,P645,1
P1486,P646,1
P1487,P646,2
P1488,P646,1
P1489,P647,1
P1490,P647,1
P1491,P647,1
P1492,P647,1
P1493,P648,1
P1494,P648,1
P1495,P648,1
P1496,P648,1
P1497,P649,1
P1498,P649,1
P1499,P649,1
P1500,P649,1
P1501,P652,1
P1502,P652,1
P1503,P653,1
P1504,P653,1
P1505,P654,1
P1506,P654,1
P1507,P654,1
P1508,P654,1
P1509,P655,1
P1510,P655,1
P1511,P655,1
P1512,P656,1
P1513,P656,1
P1514,P656,1
P1515,P656,1
P1516,P657,1
P1517,P657,1
P1518,P657,1
P1519,P657,1
P1520,P657,1
P1521,P658,1
P1522,P658,1
P1523,P658,1
P1524,P658,1
P1525,P658,1
P1526,P659,1
P1527,P659,1
P1528,P659,1
P1529,P659,1
P1530,P663,1
P1531,P663,1
P1532,P663,1
P1533,P663,1
P1534,P663,1
P1535,P665,1
P1536,P665,1
P1537,P665,1
P1538,P667,1
P1539,P667,1
P1540,P667,1
P1541,P667,1
P1542,P669,1
P1543,P669,1
P1544,P669,1
P1545,P670,1
P1546,P670,1
P1547,P670,1
P1548,P670,1
P1549,P672,1
P1550,P672,1
P1551,P672,1
P1552,P672,1
P1553,P672,1
P1554,P674,1
P1555,P674,1
P1556,P674,1
P1557,P674,1
P1558,P675,1
P1559,P675,1
P1560,P675,2
P1561,P675,1
P1562,P675,1
P1563,P678,1
P1564,P678,1
P1565,P678,1
P1566,P678,2
P1567,P678,1
P1568,P679,1
P1569,P679,1
P1570,P679,1
P1571,P679,1
P1572,P681,1
P1573,P681,1
P1574,P682,1
P1575,P682,1
P1576,P682,1
P1577,P683,1
P1578,P683,1
P1579,P683,1
P1580,P683,1
P1581,P684,1
P1582,P684,1
P1583,P685,1
P1584,P685,1
P1585,P686,1
P1586,P686,4
P1587,P686,1
P1588,P686,1
P1589,P686,1
P1590,P687,1
P1591,P687,1
P1592,P687,1
P1593,P687,1
P1594,P688,1
P1595,P688,1
P1596,P689,1
P1597,P689,1
P1598,P689,1
P1599,P689,1
P1600,P689,1
P1601,P691,1
P1602,P691,1
P1603,P691,1
P1604,P692,1
P1605,P692,1
P1606,P692,1
P1607,P692,1
P1608,P692,1
P1609,P693,1
P1610,P693,1
P1611,P693,1
P1612,P695,2
P1613,P695,1
P1614,P697,1
P1615,P697,1
P1616,P698,1
P1617,P698,1
P1618,P698,1
P1619,P699,1
P1620,P699,1
P1621,P699,1
P1622,P700,1
P1623,P700,1
P1624,P700,1
P1625,P700,1
P1626,P700,1
P1627,P701,1
P1628,P701,1
P1629,P703,1
P1630,P703,1
P1631,P703,1
P1632,P703,1
P1633,P703,4
P1634,P704,1
P1635,P704,1
P1636,P704,1
P1637,P704,1
P1638,P705,1
P1639,P705,1
P1640,P705,1
P1641,P705,1
P1642,P705,1
P1643,P709,1
P1644,P709,1
P1645,P709,1
P1646,P709,1
P1647,P710,1
P1648,P710,1
P1649,P711,1
P1650,P711,2
P1651,P711,1
P1652,P711,1
P1653,P712,1
P1654,P712,1
P1655,P712,1
P1656,P712,1
P1657,P712,1
P1658,P715,1
P1659,P715,1
P1660,P715,1
P1661,P716,1
P1662,P716,1
P1663,P718,2
P1664,P718,1
P1665,P718,1
P1666,P718,1
P1667,P718,4
P1668,P719,1
P1669,P719,1
P1670,P721,1
P1671,P721,1
P1672,P721,1
P1673,P722,2
P1674,P722,1
P1675,P723,1
P1676,P723,1
P1677,P723,1
P1678,P723,1
P1679,P723,1
P1680,P724,1
P1681,P724,1
P1682,P725,1
P1683,P725,1
P1684,P725,1
P1685,P725,1
P1686,P727,1
P1687,P727,1
P1688,P727,1
P1689,P727,1
P1690,P729,1
P1691,P729,1
P1692,P729,1
P1693,P729,1
P1694,P730,1
P1695,P730,1
P1696,P730,1
P1697,P730,1
P1698,P730,1
P1699,P731,1
P1700,P731,1
P1701,P731,1
P1702,P731,1
P1703,P731,1
P1704,P733,1
P1705,P733,1
P1706,P733,1
P1707,P734,1
P1708,P734,1
P1709,P734,1
P1710,P734,1
P1711,P734,1
P1712,P736,1
P1713,P736,1
P1714,P736,1
P1715,P737,1
P1716,P737,1
P1717,P738,1
P1718,P738,2
P1719,P738,1
P1720,P738,1
P1721,P739,1
P1722,P739,1
P1723,P739,1
P1724,P740,1
P1725,P740,1
P1726,P740,1
P1727,P740,1
P1728,P741,1
P1729,P741,1
P1730,P741,1
P1731,P746,1
P1732,P746,1
P1733,P746,4
P1734,P746,1
P1735,P747,1
P1736,P747,1
P1737,P747,1
P1738,P747,1
P1739,P747,1
P1740,P748,1
P1741,P748,1
P1742,P748,1
P1743,P748,1
P1744,P748,1
P1745,P749,1
P1746,P749,1
P1747,P750,1
P1748,P750,1
P1749,P751,1
P1750,P751,1
P1751,P751,1
P1752,P753,1
P1753,P753,1
P1754,P756,1
P1755,P756,1
P1756,P758,1
P1757,P758,1
P1758,P758,1
P1759,P758,1
P1760,P758,1
P1761,P764,1
P1762,P764,1
P1763,P764,1
P1764,P765,1
P1765,P765,1
P1766,P765,1
P1767,P765,1
P1768,P766,1
P1769,P766,1
P1770,P766,1
P1771,P767,1
P1772,P767,1
P1773,P768,1
P1774,P768,1
P1775,P769,1
P1776,P769,1
P1777,P772,1
P1778,P772,2
P1779,P773,1
P1780,P773,1
P1781,P773,1
P1782,P773,1
P1783,P773,1
P1784,P774,1
P1785,P774,1
P1786,P774,1
P1787,P777,1
P1788,P777,1
P1789,P777,1
P1790,P778,1
P1791,P778,1
P1792,P778,1
P1793,P778,1
P1794,P778,1
P1795,P779,1
P1796,P779,1
P1797,P781,1
P1798,P781,1
P1799,P781,1
P1800,P783,1
P1801,P783,1
P1802,P783,1
P1803,P783,1
P1804,P783,1
P1805,P785,1
P1806,P785,1
P1807,P785,1
P1808,P785,1
P1809,P785,1
P1810,P787,1
P1811,P787,1
P1812,P787,1
P1813,P787,4
P1814,P788,1
P1815,P788,1
P1816,P788,1
P1817,P788,1
P1818,P790,1
P1819,P790,2
P1820,P790,1
P1821,P793,1
P1822,P793,1
P1823,P793,1
P1824,P793,1
P1825,P793,1
P1826,P794,1
P1827,P794,1
P1828,P796,1
P1829,P796,1
P1830,P796,1
P1831,P796,1
P1832,P797,1
P1833,P797,1
P1834,P798,1
P1835,P798,1
P1836,P798,1
P1837,P798,1
P1838,P799,1
P1839,P799,4
P1840,P800,1
P1841,P800,1
P1842,P800,1
P1843,P800,1
P1844,P800,1
P1845,P801,1
P1846,P801,1
P1847,P801,1
P1848,P802,1
P1849,P802,1
P1850,P802,1
P1851,P805,1
P1852,P805,1
P1853,P807,1
P1854,P807,1
P1855,P807,1
P1856,P808,1
P1857,P808,1
P1858,P808,1
P1859,P808,1
P1860,P811,1
P1861,P811,1
P1862,P811,1
P1863,P811,1
P1864,P812,1
P1865,P812,1
P1866,P813,1
P1867,P813,1
P1868,P814,1
P1869,P814,1
P1870,P814,1
P1871,P814,1
P1872,P815,1
P1873,P815,1
P1874,P815,1
P1875,P816,1
P1876,P816,1
P1877,P816,1
P1878,P816,1
P1879,P817,1
P1880,P817,1
P1881,P818,1
P1882,P818,1
P1883,P818,4
P1884,P818,1
P1885,P818,1
P1886,P820,1
P1887,P820,1
P1888,P825,1
P1889,P825,1
P1890,P825,1
P1891,P825,1
P1892,P826,1
P1893,P826,1
P1894,P826,1
P1895,P826,1
P1896,P826,1
P1897,P828,1
P1898,P828,1
P1899,P828,1
P1900,P828,1
P1901,P829,1
P1902,P829,1
P1903,P829,1
P1904,P829,1
P1905,P829,1
P1906,P830,1
P1907,P830,1
P1908,P830,1
P1909,P830,1
P1910,P833,1
P1911,P833,1
P1912,P833,1
P1913,P834,1
P1914,P834,1
P1915,P834,1
P1916,P835,1
P1917,P835,1
P1918,P835,1
P1919,P836,1
P1920,P836,1
P1921,P837,1
P1922,P837,1
P1923,P837,1
P1924,P838,1
P1925,P838,1
P1926,P838,1
P1927,P838,1
P1928,P839,1
P1929,P839,1
P1930,P839,1
P1931,P840,4
P1932,P840,1
P1933,P840,1
P1934,P841,1
P1935,P841,1
P1936,P841,1
P1937,P841,1
P1938,P841,1
P1939,P842,1
P1940,P842,1
P1941,P843,1
P1942,P843,1
P1943,P843,1
P1944,P844,1
P1945,P844,1
P1946,P844,1
P1947,P844,1
P1948,P844,1
P1949,P845,1
P1950,P845,1
P1951,P845,1
P1952,P845,1
P1953,P846,1
P1954,P846,1
P1955,P846,1
P1956,P846,1
P1957,P847,1
P1958,P847,1
P1959,P849,1
P1960,P849,1
P1961,P849,1
P1962,P851,2
P1963,P851,1
P1964,P852,1
P1965,P852,1
P1966,P852,1
P1967,P853,1
P1968,P853,1
P1969,P853,1
P1970,P853,1
P1971,P853,1
P1972,P855,1
P1973,P855,1
P1974,P857,1
P1975,P857,1
P1976,P860,4
P1977,P860,1
P1978,P860,1
P1979,P860,1
P1980,P860,1
P1981,P861,1
P1982,P861,1
P1983,P861,1
P1984,P861,1
P1985,P862,1
P1986,P862,1
P1987,P862,1
P1988,P862,1
P1989,P863,1
P1990,P863,1
P1991,P863,1
P1992,P863,1
P1993,P864,1
P1994,P864,1
P1995,P864,1
P1996,P864,1
P1997,P864,1
P1998,P865,1
P1999,P865,1
P2000,P866,1
P2001,P866,1
P2002,P866,1
P2003,P866,1
P2004,P866,1
P2005,P867,1
P2006,P867,1
P2007,P867,1
P2008,P869,1
P2009,P869,1
P2010,P869,1
P2011,P869,1
P2012,P872,1
P2013,P872,1
P2014,P872,1
P2015,P872,1
P2016,P873,1
P2017,P873,1
